{
    "id": "play2",
    "name": "Play! Framework 2",
    "source": "git://github.com/CloudBees-community/play2-clickstart.git",
    "description": "Get started with the Play Framework, version 2, hosted natively",
    "doc-url": "https://github.com/CloudBees-community/play2-clickstart/blob/master/README.md",    
    "icon" : "https://d3ko533tu1ozfq.cloudfront.net/clickstart/play2_icon.png", 
    "app-package" : "https://s3.amazonaws.com/cloudbees-downloads/clickstart/play21-hello.zip",
    "app-package-type" : "zip",
    "disabled": false,
    "supported-by" : "cloudbees", 
    "order" : 1,

    "runtime": {
        "type": "play2",
        "app-parameters" : { 
            "runtime.java_version": "1.7"
        },
        "app-variables" : { 
            "proxyBuffering" : false, 
            "http_version" : "1.1"
        }
    },
    "databases": [
        {
            "type": "mysql",
            "alias": "db"
        }
    ],
    "build-with-jenkins": {
        "template": {
            "type": "https://raw.github.com/CloudBees-community/play2-clickstart/master/config.xml"
        }
    }
}
