{"product": [
    {
        "defaultImageUrl": "http:\/\/www.zappos.com\/images\/z\/1\/7\/8\/8\/2\/2\/1788226-p-DETAILED.jpg",
        "defaultProductUrl": "http:\/\/www.zappos.com\/product\/7515478",
        "productId": "7515478",
        "productName": "Gigi",
        "styles": [
            {
                "originalPrice": "$65.00",
                "price": "$65.00",
                "color": "Almond",
                "imageUrl": "http:\/\/www.zappos.com\/images\/z\/1\/7\/8\/8\/2\/2\/1788226-p-DETAILED.jpg",
                "styleId": "1788226",
                "productUrl": "http:\/\/www.zappos.com\/product\/7515478\/color\/25",
                "percentOff": "0%",
                "thumbnailImageUrl": "http:\/\/www.zappos.com\/images\/z\/1\/7\/8\/8\/2\/2\/1788226-t-THUMBNAIL.jpg"
            },
            {
                "originalPrice": "$65.00",
                "price": "$65.00",
                "color": "Black Boa",
                "imageUrl": "http:\/\/www.zappos.com\/images\/z\/1\/7\/8\/8\/2\/2\/1788220-p-DETAILED.jpg",
                "styleId": "1788220",
                "productUrl": "http:\/\/www.zappos.com\/product\/7515478\/color\/14065",
                "percentOff": "0%",
                "thumbnailImageUrl": "http:\/\/www.zappos.com\/images\/z\/1\/7\/8\/8\/2\/2\/1788220-t-THUMBNAIL.jpg"
            },
            {
                "originalPrice": "$65.00",
                "price": "$65.00",
                "color": "Black Leather",
                "imageUrl": "http:\/\/www.zappos.com\/images\/z\/1\/4\/1\/3\/6\/8\/1413687-p-DETAILED.jpg",
                "styleId": "1413687",
                "productUrl": "http:\/\/www.zappos.com\/product\/7515478\/color\/72",
                "percentOff": "0%",
                "thumbnailImageUrl": "http:\/\/www.zappos.com\/images\/z\/1\/4\/1\/3\/6\/8\/1413687-t-THUMBNAIL.jpg"
            },
            {
                "originalPrice": "$65.00",
                "price": "$65.00",
                "color": "Black Patent 2",
                "imageUrl": "http:\/\/www.zappos.com\/images\/z\/1\/7\/8\/8\/2\/2\/1788227-p-DETAILED.jpg",
                "styleId": "1788227",
                "productUrl": "http:\/\/www.zappos.com\/product\/7515478\/color\/142953",
                "percentOff": "0%",
                "thumbnailImageUrl": "http:\/\/www.zappos.com\/images\/z\/1\/7\/8\/8\/2\/2\/1788227-t-THUMBNAIL.jpg"
            },
            {
                "originalPrice": "$65.00",
                "price": "$51.99",
                "color": "Black White\/New Nude Leopard\/Flamingo",
                "imageUrl": "http:\/\/www.zappos.com\/images\/z\/1\/7\/8\/8\/2\/2\/1788223-p-DETAILED.jpg",
                "styleId": "1788223",
                "productUrl": "http:\/\/www.zappos.com\/product\/7515478\/color\/340353",
                "percentOff": "20%",
                "thumbnailImageUrl": "http:\/\/www.zappos.com\/images\/z\/1\/7\/8\/8\/2\/2\/1788223-t-THUMBNAIL.jpg"
            },
            {
                "originalPrice": "$65.00",
                "price": "$51.99",
                "color": "Citrine Snake",
                "imageUrl": "http:\/\/www.zappos.com\/images\/z\/1\/9\/5\/8\/5\/4\/1958540-p-DETAILED.jpg",
                "styleId": "1958540",
                "productUrl": "http:\/\/www.zappos.com\/product\/7515478\/color\/365299",
                "percentOff": "20%",
                "thumbnailImageUrl": "http:\/\/www.zappos.com\/images\/z\/1\/9\/5\/8\/5\/4\/1958540-t-THUMBNAIL.jpg"
            },
            {
                "originalPrice": "$65.00",
                "price": "$50.99",
                "color": "Citron Yellow\/Citron Yellow",
                "imageUrl": "http:\/\/www.zappos.com\/images\/z\/2\/1\/2\/3\/6\/0\/2123604-p-DETAILED.jpg",
                "styleId": "2123604",
                "productUrl": "http:\/\/www.zappos.com\/product\/7515478\/color\/392899",
                "percentOff": "22%",
                "thumbnailImageUrl": "http:\/\/www.zappos.com\/images\/z\/2\/1\/2\/3\/6\/0\/2123604-t-THUMBNAIL.jpg"
            },
            {
                "originalPrice": "$65.00",
                "price": "$50.99",
                "color": "Denim\/Ice White\/Saddle",
                "imageUrl": "http:\/\/www.zappos.com\/images\/z\/2\/2\/1\/1\/9\/0\/2211904-p-DETAILED.jpg",
                "styleId": "2211904",
                "productUrl": "http:\/\/www.zappos.com\/product\/7515478\/color\/406471",
                "percentOff": "22%",
                "thumbnailImageUrl": "http:\/\/www.zappos.com\/images\/z\/2\/2\/1\/1\/9\/0\/2211904-t-THUMBNAIL.jpg"
            },
            {
                "originalPrice": "$65.00",
                "price": "$65.00",
                "color": "Gold Boa Print",
                "imageUrl": "http:\/\/www.zappos.com\/images\/z\/1\/1\/6\/4\/7\/6\/1164767-p-DETAILED.jpg",
                "styleId": "1164767",
                "productUrl": "http:\/\/www.zappos.com\/product\/7515478\/color\/36798",
                "percentOff": "0%",
                "thumbnailImageUrl": "http:\/\/www.zappos.com\/images\/z\/1\/1\/6\/4\/7\/6\/1164767-t-THUMBNAIL.jpg"
            },
            {
                "originalPrice": "$65.00",
                "price": "$50.99",
                "color": "Guava",
                "imageUrl": "http:\/\/www.zappos.com\/images\/z\/2\/2\/7\/7\/0\/7\/2277075-p-DETAILED.jpg",
                "styleId": "2277075",
                "productUrl": "http:\/\/www.zappos.com\/product\/7515478\/color\/34237",
                "percentOff": "22%",
                "thumbnailImageUrl": "http:\/\/www.zappos.com\/images\/z\/2\/2\/7\/7\/0\/7\/2277075-t-THUMBNAIL.jpg"
            },
            {
                "originalPrice": "$65.00",
                "price": "$50.99",
                "color": "Indigo Blue Boa",
                "imageUrl": "http:\/\/www.zappos.com\/images\/z\/2\/1\/2\/3\/5\/6\/2123569-p-DETAILED.jpg",
                "styleId": "2123569",
                "productUrl": "http:\/\/www.zappos.com\/product\/7515478\/color\/392886",
                "percentOff": "22%",
                "thumbnailImageUrl": "http:\/\/www.zappos.com\/images\/z\/2\/1\/2\/3\/5\/6\/2123569-t-THUMBNAIL.jpg"
            },
            {
                "originalPrice": "$65.00",
                "price": "$51.99",
                "color": "Light Gold\/Natural",
                "imageUrl": "http:\/\/www.zappos.com\/images\/z\/2\/2\/1\/1\/8\/4\/2211846-p-DETAILED.jpg",
                "styleId": "2211846",
                "productUrl": "http:\/\/www.zappos.com\/product\/7515478\/color\/81596",
                "percentOff": "20%",
                "thumbnailImageUrl": "http:\/\/www.zappos.com\/images\/z\/2\/2\/1\/1\/8\/4\/2211846-t-THUMBNAIL.jpg"
            },
            {
                "originalPrice": "$65.00",
                "price": "$51.99",
                "color": "Light Green",
                "imageUrl": "http:\/\/www.zappos.com\/images\/z\/2\/2\/1\/1\/8\/5\/2211850-p-DETAILED.jpg",
                "styleId": "2211850",
                "productUrl": "http:\/\/www.zappos.com\/product\/7515478\/color\/7646",
                "percentOff": "20%",
                "thumbnailImageUrl": "http:\/\/www.zappos.com\/images\/z\/2\/2\/1\/1\/8\/5\/2211850-t-THUMBNAIL.jpg"
            },
            {
                "originalPrice": "$65.00",
                "price": "$51.99",
                "color": "Light Green\/Natural",
                "imageUrl": "http:\/\/www.zappos.com\/images\/z\/2\/1\/2\/3\/6\/0\/2123607-p-DETAILED.jpg",
                "styleId": "2123607",
                "productUrl": "http:\/\/www.zappos.com\/product\/7515478\/color\/392901",
                "percentOff": "20%",
                "thumbnailImageUrl": "http:\/\/www.zappos.com\/images\/z\/2\/1\/2\/3\/6\/0\/2123607-t-THUMBNAIL.jpg"
            },
            {
                "originalPrice": "$65.00",
                "price": "$50.99",
                "color": "Light Green\/Silver\/Neon Coral",
                "imageUrl": "http:\/\/www.zappos.com\/images\/z\/2\/2\/7\/7\/0\/7\/2277079-p-DETAILED.jpg",
                "styleId": "2277079",
                "productUrl": "http:\/\/www.zappos.com\/product\/7515478\/color\/416834",
                "percentOff": "22%",
                "thumbnailImageUrl": "http:\/\/www.zappos.com\/images\/z\/2\/2\/7\/7\/0\/7\/2277079-t-THUMBNAIL.jpg"
            },
            {
                "originalPrice": "$65.00",
                "price": "$50.99",
                "color": "Mandarin Orange",
                "imageUrl": "http:\/\/www.zappos.com\/images\/z\/2\/1\/2\/3\/6\/0\/2123605-p-DETAILED.jpg",
                "styleId": "2123605",
                "productUrl": "http:\/\/www.zappos.com\/product\/7515478\/color\/52624",
                "percentOff": "22%",
                "thumbnailImageUrl": "http:\/\/www.zappos.com\/images\/z\/2\/1\/2\/3\/6\/0\/2123605-t-THUMBNAIL.jpg"
            },
            {
                "originalPrice": "$65.00",
                "price": "$51.99",
                "color": "Neon Citrine\/Cork",
                "imageUrl": "http:\/\/www.zappos.com\/images\/z\/2\/1\/2\/3\/5\/6\/2123566-p-DETAILED.jpg",
                "styleId": "2123566",
                "productUrl": "http:\/\/www.zappos.com\/product\/7515478\/color\/392887",
                "percentOff": "20%",
                "thumbnailImageUrl": "http:\/\/www.zappos.com\/images\/z\/2\/1\/2\/3\/5\/6\/2123566-t-THUMBNAIL.jpg"
            },
            {
                "originalPrice": "$65.00",
                "price": "$51.99",
                "color": "Neon Coral\/Natural",
                "imageUrl": "http:\/\/www.zappos.com\/images\/z\/2\/1\/2\/3\/5\/6\/2123567-p-DETAILED.jpg",
                "styleId": "2123567",
                "productUrl": "http:\/\/www.zappos.com\/product\/7515478\/color\/393798",
                "percentOff": "20%",
                "thumbnailImageUrl": "http:\/\/www.zappos.com\/images\/z\/2\/1\/2\/3\/5\/6\/2123567-t-THUMBNAIL.jpg"
            },
            {
                "originalPrice": "$65.00",
                "price": "$65.00",
                "color": "New Nude Leopard",
                "imageUrl": "http:\/\/www.zappos.com\/images\/z\/1\/7\/8\/8\/2\/2\/1788225-p-DETAILED.jpg",
                "styleId": "1788225",
                "productUrl": "http:\/\/www.zappos.com\/product\/7515478\/color\/307257",
                "percentOff": "0%",
                "thumbnailImageUrl": "http:\/\/www.zappos.com\/images\/z\/1\/7\/8\/8\/2\/2\/1788225-t-THUMBNAIL.jpg"
            },
            {
                "originalPrice": "$65.00",
                "price": "$51.99",
                "color": "Peach Melba",
                "imageUrl": "http:\/\/www.zappos.com\/images\/z\/2\/2\/3\/6\/6\/0\/2236608-p-DETAILED.jpg",
                "styleId": "2236608",
                "productUrl": "http:\/\/www.zappos.com\/product\/7515478\/color\/340452",
                "percentOff": "20%",
                "thumbnailImageUrl": "http:\/\/www.zappos.com\/images\/z\/2\/2\/3\/6\/6\/0\/2236608-t-THUMBNAIL.jpg"
            },
            {
                "originalPrice": "$65.00",
                "price": "$50.99",
                "color": "Pink\/Lime\/Yellow",
                "imageUrl": "http:\/\/www.zappos.com\/images\/z\/2\/2\/1\/1\/8\/4\/2211849-p-DETAILED.jpg",
                "styleId": "2211849",
                "productUrl": "http:\/\/www.zappos.com\/product\/7515478\/color\/406452",
                "percentOff": "22%",
                "thumbnailImageUrl": "http:\/\/www.zappos.com\/images\/z\/2\/2\/1\/1\/8\/4\/2211849-t-THUMBNAIL.jpg"
            },
            {
                "originalPrice": "$65.00",
                "price": "$65.00",
                "color": "Saddle",
                "imageUrl": "http:\/\/www.zappos.com\/images\/z\/1\/7\/8\/8\/2\/1\/1788214-p-DETAILED.jpg",
                "styleId": "1788214",
                "productUrl": "http:\/\/www.zappos.com\/product\/7515478\/color\/616",
                "percentOff": "0%",
                "thumbnailImageUrl": "http:\/\/www.zappos.com\/images\/z\/1\/7\/8\/8\/2\/1\/1788214-t-THUMBNAIL.jpg"
            },
            {
                "originalPrice": "$65.00",
                "price": "$50.99",
                "color": "Shocking Pink\/Cork",
                "imageUrl": "http:\/\/www.zappos.com\/images\/z\/2\/1\/2\/3\/5\/5\/2123557-p-DETAILED.jpg",
                "styleId": "2123557",
                "productUrl": "http:\/\/www.zappos.com\/product\/7515478\/color\/392881",
                "percentOff": "22%",
                "thumbnailImageUrl": "http:\/\/www.zappos.com\/images\/z\/2\/1\/2\/3\/5\/5\/2123557-t-THUMBNAIL.jpg"
            },
            {
                "originalPrice": "$65.00",
                "price": "$65.00",
                "color": "Silver Boa Print",
                "imageUrl": "http:\/\/www.zappos.com\/images\/z\/1\/1\/6\/4\/7\/6\/1164766-p-DETAILED.jpg",
                "styleId": "1164766",
                "productUrl": "http:\/\/www.zappos.com\/product\/7515478\/color\/240626",
                "percentOff": "0%",
                "thumbnailImageUrl": "http:\/\/www.zappos.com\/images\/z\/1\/1\/6\/4\/7\/6\/1164766-t-THUMBNAIL.jpg"
            },
            {
                "originalPrice": "$65.00",
                "price": "$50.99",
                "color": "Turquoise Time Boa",
                "imageUrl": "http:\/\/www.zappos.com\/images\/z\/2\/1\/2\/3\/5\/6\/2123568-p-DETAILED.jpg",
                "styleId": "2123568",
                "productUrl": "http:\/\/www.zappos.com\/product\/7515478\/color\/392888",
                "percentOff": "22%",
                "thumbnailImageUrl": "http:\/\/www.zappos.com\/images\/z\/2\/1\/2\/3\/5\/6\/2123568-t-THUMBNAIL.jpg"
            },
            {
                "originalPrice": "$65.00",
                "price": "$51.99",
                "color": "Zebra",
                "imageUrl": "http:\/\/www.zappos.com\/images\/z\/2\/1\/2\/3\/5\/5\/2123556-p-DETAILED.jpg",
                "styleId": "2123556",
                "productUrl": "http:\/\/www.zappos.com\/product\/7515478\/color\/766",
                "percentOff": "20%",
                "thumbnailImageUrl": "http:\/\/www.zappos.com\/images\/z\/2\/1\/2\/3\/5\/5\/2123556-t-THUMBNAIL.jpg"
            },
            {
                "originalPrice": "$65.00",
                "price": "$50.99",
                "color": "Zebra\/Wild Lime\/Coral",
                "imageUrl": "http:\/\/www.zappos.com\/images\/z\/2\/2\/7\/7\/0\/7\/2277071-p-DETAILED.jpg",
                "styleId": "2277071",
                "productUrl": "http:\/\/www.zappos.com\/product\/7515478\/color\/416836",
                "percentOff": "22%",
                "thumbnailImageUrl": "http:\/\/www.zappos.com\/images\/z\/2\/2\/7\/7\/0\/7\/2277071-t-THUMBNAIL.jpg"
            }
        ],
        "brandId": "632",
        "brandName": "Sam Edelman"
    }
], "statusCode": "200"}